-- phpMyAdmin SQL Dump
-- version 5.1.1
-- https://www.phpmyadmin.net/
--
-- Host: 127.0.0.1
-- Generation Time: Jul 28, 2023 at 04:45 AM
-- Server version: 10.4.22-MariaDB
-- PHP Version: 8.1.2

SET SQL_MODE = "NO_AUTO_VALUE_ON_ZERO";
START TRANSACTION;
SET time_zone = "+00:00";


/*!40101 SET @OLD_CHARACTER_SET_CLIENT=@@CHARACTER_SET_CLIENT */;
/*!40101 SET @OLD_CHARACTER_SET_RESULTS=@@CHARACTER_SET_RESULTS */;
/*!40101 SET @OLD_COLLATION_CONNECTION=@@COLLATION_CONNECTION */;
/*!40101 SET NAMES utf8mb4 */;

--
-- Database: `medhelp`
--

-- --------------------------------------------------------

--
-- Table structure for table `chat`
--

CREATE TABLE `chat` (
  `id` int(11) NOT NULL,
  `id_user` int(11) NOT NULL,
  `pred` int(11) NOT NULL,
  `date` timestamp NOT NULL DEFAULT current_timestamp()
) ENGINE=InnoDB DEFAULT CHARSET=utf8mb4;

--
-- Dumping data for table `chat`
--

INSERT INTO `chat` (`id`, `id_user`, `pred`, `date`) VALUES
(2, 1, 0, '2023-06-27 05:38:44'),
(3, 1, 36, '2023-06-27 05:38:44'),
(4, 1, 3, '2023-06-27 05:38:44'),
(5, 1, 63, '2023-06-27 05:38:44'),
(6, 1, 12, '2023-06-27 05:38:44'),
(7, 1, 60, '2023-06-27 05:58:26'),
(8, 1, 9, '2023-06-27 09:18:47'),
(9, 1, 35, '2023-06-27 20:06:39'),
(10, 1, 35, '2023-06-27 20:18:00'),
(11, 1, 58, '2023-06-27 20:19:05'),
(12, 1, 58, '2023-06-27 20:24:20'),
(13, 1, 58, '2023-06-27 20:25:18'),
(14, 1, 24, '2023-06-27 20:29:09'),
(15, 1, 24, '2023-06-27 20:30:17'),
(16, 1, 3, '2023-06-28 12:55:13'),
(17, 1, 4, '2023-06-28 12:55:28'),
(18, 1, 1, '2023-06-28 12:56:22'),
(19, 1, 2, '2023-06-28 12:56:31'),
(20, 1, 4, '2023-06-28 12:56:50'),
(21, 1, 58, '2023-06-28 12:57:40'),
(22, 1, 3, '2023-06-28 13:03:39'),
(23, 1, 3, '2023-06-28 13:03:53'),
(24, 1, 3, '2023-06-28 13:06:46'),
(25, 1, 55, '2023-06-28 13:07:25'),
(26, 2, 1, '2023-06-28 13:24:48'),
(27, 2, 2, '2023-06-28 13:25:08'),
(28, 2, 2, '2023-06-28 13:28:21'),
(29, 2, 9, '2023-06-28 13:28:44'),
(30, 2, 10, '2023-06-28 13:28:59'),
(31, 2, 10, '2023-06-28 13:30:12'),
(32, 2, 11, '2023-06-28 13:30:32'),
(33, 2, 11, '2023-06-28 13:30:46'),
(34, 2, 1, '2023-06-28 13:31:16'),
(35, 2, 3, '2023-06-28 13:31:44'),
(36, 2, 3, '2023-06-28 13:32:04'),
(37, 2, 6, '2023-06-28 13:32:29'),
(38, 2, 5, '2023-06-28 13:32:55'),
(39, 2, 3, '2023-06-28 13:33:03'),
(40, 2, 4, '2023-06-28 13:33:16'),
(41, 2, 12, '2023-06-28 13:33:58'),
(42, 2, 14, '2023-06-28 13:34:13'),
(43, 2, 13, '2023-06-28 13:34:35'),
(44, 2, 18, '2023-06-28 13:34:52'),
(45, 2, 15, '2023-06-28 13:35:38'),
(46, 2, 15, '2023-06-28 13:35:56'),
(47, 2, 16, '2023-06-28 13:36:09'),
(48, 2, 17, '2023-06-28 13:36:34'),
(49, 2, 61, '2023-06-28 13:37:09'),
(50, 2, 46, '2023-06-28 13:37:31'),
(51, 2, 47, '2023-06-28 13:37:48'),
(52, 2, 48, '2023-06-28 13:38:42'),
(53, 2, 36, '2023-06-28 13:59:13'),
(54, 2, 9, '2023-06-28 13:59:18'),
(55, 2, 36, '2023-06-28 13:59:57'),
(56, 2, 3, '2023-06-28 14:00:05'),
(57, 2, 63, '2023-06-28 14:00:30'),
(58, 2, 3, '2023-06-28 14:00:44'),
(59, 2, 9, '2023-06-28 14:02:20'),
(60, 2, 36, '2023-06-28 14:02:39'),
(61, 2, 36, '2023-06-28 14:03:37'),
(62, 2, 34, '2023-06-28 14:04:03'),
(63, 2, 36, '2023-06-28 14:32:08'),
(64, 2, 63, '2023-06-28 14:32:12'),
(65, 2, 31, '2023-06-28 14:32:49'),
(66, 2, 26, '2023-06-28 14:33:31'),
(67, 2, 26, '2023-06-28 14:35:02'),
(68, 2, 26, '2023-06-28 14:37:28'),
(69, 2, 23, '2023-06-28 14:37:36'),
(70, 2, 26, '2023-06-28 14:38:11'),
(71, 2, 9, '2023-06-28 14:38:31'),
(72, 2, 36, '2023-06-28 14:52:54'),
(73, 2, 3, '2023-06-28 14:52:59'),
(74, 2, 26, '2023-06-28 14:54:09'),
(75, 2, 35, '2023-06-28 14:54:13'),
(76, 2, 36, '2023-06-28 14:55:13'),
(77, 2, 35, '2023-06-28 14:55:22'),
(78, 2, 3, '2023-06-28 14:55:37'),
(79, 1, 1, '2023-06-29 07:08:36'),
(80, 1, 2, '2023-06-29 07:09:09'),
(81, 1, 3, '2023-06-29 07:09:17'),
(82, 1, 5, '2023-06-29 07:09:29'),
(83, 1, 6, '2023-06-29 07:09:42'),
(84, 1, 7, '2023-06-29 07:10:00'),
(85, 1, 4, '2023-06-29 07:10:09'),
(86, 1, 8, '2023-06-29 07:10:33'),
(87, 1, 9, '2023-06-29 07:10:44'),
(88, 1, 10, '2023-06-29 07:10:54'),
(89, 1, 9, '2023-06-29 07:11:02'),
(90, 1, 10, '2023-06-29 07:11:22'),
(91, 1, 11, '2023-06-29 07:11:29'),
(92, 1, 12, '2023-06-29 07:11:41'),
(93, 1, 13, '2023-06-29 07:11:50'),
(94, 1, 14, '2023-06-29 07:12:00'),
(95, 1, 15, '2023-06-29 07:12:13'),
(96, 1, 16, '2023-06-29 07:12:21'),
(97, 1, 17, '2023-06-29 07:13:01'),
(98, 1, 18, '2023-06-29 07:13:21'),
(99, 1, 19, '2023-06-29 07:13:31'),
(100, 1, 20, '2023-06-29 07:14:06'),
(101, 1, 21, '2023-06-29 07:14:18'),
(102, 1, 22, '2023-06-29 07:14:39'),
(103, 1, 23, '2023-06-29 07:15:21'),
(104, 1, 24, '2023-06-29 07:15:50'),
(105, 1, 25, '2023-06-29 07:16:07'),
(106, 1, 26, '2023-06-29 07:16:25'),
(107, 1, 27, '2023-06-29 07:23:56'),
(108, 1, 28, '2023-06-29 07:26:08'),
(109, 1, 29, '2023-06-29 07:26:17'),
(110, 1, 30, '2023-06-29 07:26:35'),
(111, 1, 31, '2023-06-29 07:26:50'),
(112, 1, 32, '2023-06-29 07:27:02'),
(113, 1, 33, '2023-06-29 07:27:22'),
(114, 1, 34, '2023-06-29 07:27:38'),
(115, 1, 35, '2023-06-29 07:27:56'),
(116, 1, 36, '2023-06-29 07:28:17'),
(117, 1, 38, '2023-06-29 07:28:36'),
(118, 1, 37, '2023-06-29 07:28:47'),
(119, 1, 42, '2023-06-29 07:28:57'),
(120, 1, 40, '2023-06-29 07:29:45'),
(121, 1, 43, '2023-06-29 07:31:45'),
(122, 1, 44, '2023-06-29 07:32:02'),
(123, 1, 45, '2023-06-29 07:32:28'),
(124, 1, 46, '2023-06-29 07:32:40'),
(125, 1, 47, '2023-06-29 07:33:05'),
(126, 1, 48, '2023-06-29 07:33:53'),
(127, 1, 49, '2023-06-29 07:34:09'),
(128, 1, 50, '2023-06-29 07:34:22'),
(129, 1, 51, '2023-06-29 07:34:35'),
(130, 1, 52, '2023-06-29 07:34:50'),
(131, 1, 53, '2023-06-29 07:34:59'),
(132, 1, 54, '2023-06-29 07:35:15'),
(133, 1, 55, '2023-06-29 07:35:26'),
(134, 1, 56, '2023-06-29 07:35:42'),
(135, 1, 57, '2023-06-29 07:35:58'),
(136, 1, 58, '2023-06-29 07:36:07'),
(137, 1, 59, '2023-06-29 07:36:23'),
(138, 1, 60, '2023-06-29 07:36:44'),
(139, 1, 61, '2023-06-29 07:36:53'),
(140, 1, 62, '2023-06-29 07:37:12'),
(141, 1, 47, '2023-06-29 07:37:58'),
(142, 2, 13, '2023-06-29 08:27:01'),
(143, 2, 26, '2023-06-29 08:45:52'),
(144, 2, 33, '2023-06-29 08:47:11'),
(145, 2, 32, '2023-06-29 08:47:53'),
(146, 3, 13, '2023-06-30 03:22:44'),
(147, 3, 51, '2023-06-30 03:23:10'),
(148, 3, 20, '2023-06-30 03:23:37'),
(149, 3, 15, '2023-06-30 03:23:56'),
(150, 3, 31, '2023-06-30 03:24:11'),
(151, 3, 37, '2023-06-30 03:24:25'),
(152, 3, 6, '2023-06-30 03:24:39'),
(153, 3, 7, '2023-06-30 03:24:54'),
(154, 3, 54, '2023-06-30 03:25:13'),
(155, 3, 52, '2023-06-30 03:25:35'),
(156, 3, 59, '2023-06-30 03:25:48'),
(157, 3, 34, '2023-06-30 03:26:12'),
(158, 3, 35, '2023-06-30 03:26:23'),
(159, 3, 55, '2023-06-30 03:27:36'),
(160, 3, 58, '2023-06-30 03:27:59'),
(161, 3, 28, '2023-06-30 03:28:19'),
(162, 3, 45, '2023-06-30 03:29:30'),
(163, 3, 51, '2023-06-30 03:30:33'),
(164, 3, 8, '2023-06-30 03:30:48'),
(165, 3, 33, '2023-06-30 03:31:30'),
(166, 3, 50, '2023-06-30 03:32:58'),
(167, 3, 30, '2023-06-30 03:33:26'),
(168, 3, 47, '2023-06-30 03:33:48'),
(169, 3, 25, '2023-06-30 03:34:03'),
(170, 3, 36, '2023-06-30 03:34:21'),
(171, 3, 60, '2023-06-30 03:35:19'),
(172, 3, 54, '2023-06-30 03:46:24'),
(173, 3, 6, '2023-06-30 03:49:17'),
(174, 3, 35, '2023-06-30 03:50:47'),
(175, 3, 34, '2023-06-30 03:51:01'),
(176, 3, 20, '2023-06-30 03:52:12'),
(177, 3, 51, '2023-06-30 03:53:07'),
(178, 1, 46, '2023-06-30 04:57:05'),
(179, 2, 46, '2023-06-30 04:58:08'),
(180, 2, 47, '2023-06-30 04:58:15'),
(181, 2, 1, '2023-06-30 05:29:33'),
(182, 2, 53, '2023-06-30 05:29:47'),
(183, 2, 46, '2023-06-30 05:29:55'),
(184, 2, 18, '2023-06-30 05:30:13'),
(185, 2, 33, '2023-06-30 05:30:29'),
(186, 2, 27, '2023-06-30 05:30:45'),
(187, 2, 61, '2023-06-30 05:31:11'),
(188, 2, 9, '2023-06-30 05:31:24'),
(189, 2, 48, '2023-06-30 05:31:41'),
(190, 2, 49, '2023-06-30 05:31:53'),
(191, 2, 31, '2023-06-30 05:32:01'),
(192, 2, 37, '2023-06-30 05:32:10'),
(193, 2, 6, '2023-06-30 05:32:18'),
(194, 2, 7, '2023-06-30 05:32:27'),
(195, 2, 54, '2023-06-30 05:32:36'),
(196, 2, 52, '2023-06-30 05:32:44'),
(197, 2, 59, '2023-06-30 05:32:50'),
(198, 2, 40, '2023-06-30 05:32:58'),
(199, 2, 21, '2023-06-30 05:33:06'),
(200, 4, 2, '2023-06-30 11:49:33'),
(201, 4, 54, '2023-06-30 11:49:50'),
(202, 4, 47, '2023-06-30 11:50:18'),
(203, 4, 25, '2023-06-30 11:50:34'),
(204, 4, 35, '2023-06-30 11:50:44'),
(205, 4, 36, '2023-06-30 11:50:54'),
(206, 4, 37, '2023-06-30 11:51:28'),
(207, 4, 15, '2023-06-30 11:52:15'),
(208, 4, 45, '2023-06-30 11:52:51'),
(209, 4, 9, '2023-06-30 11:53:05'),
(210, 4, 51, '2023-06-30 11:53:39'),
(211, 4, 51, '2023-06-30 11:53:57'),
(212, 4, 52, '2023-06-30 11:54:16'),
(213, 4, 32, '2023-06-30 11:54:33'),
(214, 4, 34, '2023-06-30 11:54:47'),
(215, 4, 56, '2023-06-30 11:55:02'),
(216, 4, 57, '2023-06-30 11:55:13'),
(217, 4, 3, '2023-06-30 11:55:25'),
(218, 4, 62, '2023-06-30 11:55:34'),
(219, 4, 26, '2023-06-30 11:56:25'),
(220, 4, 23, '2023-06-30 11:56:38'),
(221, 4, 5, '2023-06-30 11:57:00'),
(222, 4, 38, '2023-06-30 11:57:12'),
(223, 4, 49, '2023-06-30 11:57:21'),
(224, 4, 55, '2023-06-30 11:57:37'),
(225, 4, 58, '2023-06-30 11:57:53'),
(226, 4, 32, '2023-06-30 11:58:11'),
(227, 4, 33, '2023-06-30 11:58:32'),
(228, 5, 1, '2023-06-30 12:00:31'),
(229, 5, 53, '2023-06-30 12:00:56'),
(230, 5, 46, '2023-06-30 12:01:19'),
(231, 5, 18, '2023-06-30 12:01:37'),
(232, 5, 33, '2023-06-30 12:02:09'),
(233, 5, 55, '2023-06-30 12:02:24'),
(234, 5, 27, '2023-06-30 12:02:35'),
(235, 5, 61, '2023-06-30 12:02:46'),
(236, 5, 9, '2023-06-30 12:02:56'),
(237, 5, 48, '2023-06-30 12:03:08'),
(238, 5, 49, '2023-06-30 12:03:28'),
(239, 5, 31, '2023-06-30 12:03:39'),
(240, 5, 37, '2023-06-30 12:03:46'),
(241, 5, 6, '2023-06-30 12:03:58'),
(242, 5, 7, '2023-06-30 12:04:04'),
(243, 5, 54, '2023-06-30 12:04:14'),
(244, 5, 52, '2023-06-30 12:04:20'),
(245, 5, 59, '2023-06-30 12:04:29'),
(246, 5, 40, '2023-06-30 12:04:37'),
(247, 5, 21, '2023-06-30 12:04:49'),
(248, 5, 51, '2023-06-30 12:04:57'),
(249, 5, 60, '2023-06-30 12:05:16'),
(250, 5, 36, '2023-06-30 12:05:31'),
(251, 5, 12, '2023-06-30 12:05:39'),
(252, 5, 14, '2023-06-30 12:07:01'),
(253, 5, 63, '2023-06-30 12:07:55'),
(254, 6, 13, '2023-06-30 12:24:29'),
(255, 6, 53, '2023-06-30 12:24:41'),
(256, 6, 46, '2023-06-30 12:24:50'),
(257, 6, 19, '2023-06-30 12:25:15'),
(258, 6, 33, '2023-06-30 12:25:28'),
(259, 6, 55, '2023-06-30 12:25:44'),
(260, 6, 6, '2023-06-30 12:25:52'),
(261, 6, 7, '2023-06-30 12:26:00'),
(262, 6, 54, '2023-06-30 12:26:12'),
(263, 6, 20, '2023-06-30 12:26:20'),
(264, 6, 12, '2023-06-30 12:26:30'),
(265, 6, 38, '2023-06-30 12:26:45'),
(266, 6, 49, '2023-06-30 12:26:57'),
(267, 6, 55, '2023-06-30 12:27:06'),
(268, 6, 58, '2023-06-30 12:27:28'),
(269, 6, 28, '2023-06-30 12:27:40'),
(270, 6, 45, '2023-06-30 12:27:56'),
(271, 6, 51, '2023-06-30 12:28:05'),
(272, 6, 8, '2023-06-30 12:28:18'),
(273, 6, 32, '2023-06-30 12:28:27'),
(274, 6, 42, '2023-06-30 12:28:37'),
(275, 6, 29, '2023-06-30 12:28:48'),
(276, 6, 22, '2023-06-30 12:29:01'),
(277, 6, 4, '2023-06-30 12:29:27'),
(278, 6, 30, '2023-06-30 12:29:39'),
(279, 2, 63, '2023-07-03 04:30:21'),
(280, 2, 51, '2023-07-03 04:31:02'),
(281, 2, 52, '2023-07-03 04:31:15'),
(282, 2, 9, '2023-07-03 04:31:27'),
(283, 2, 26, '2023-07-03 04:41:58'),
(284, 2, 36, '2023-07-03 04:42:06'),
(285, 2, 37, '2023-07-03 04:42:16'),
(286, 2, 3, '2023-07-03 14:04:48'),
(287, 2, 59, '2023-07-03 14:05:39'),
(288, 2, 33, '2023-07-03 14:06:03'),
(289, 2, 32, '2023-07-03 14:06:14'),
(290, 2, 64, '2023-07-03 14:06:44'),
(291, 2, 21, '2023-07-03 14:39:39'),
(292, 2, 35, '2023-07-04 09:35:58'),
(293, 2, 34, '2023-07-04 09:36:33'),
(294, 2, 34, '2023-07-04 10:16:13'),
(295, 2, 35, '2023-07-04 10:16:31'),
(296, 2, 9, '2023-07-04 10:21:22'),
(297, 2, 10, '2023-07-04 10:21:36'),
(298, 2, 51, '2023-07-04 10:22:09'),
(299, 2, 52, '2023-07-04 10:22:28'),
(300, 2, 51, '2023-07-04 10:33:14'),
(301, 2, 52, '2023-07-04 10:33:29'),
(302, 2, 63, '2023-07-04 20:59:53'),
(303, 2, 13, '2023-07-04 21:00:12'),
(304, 2, 12, '2023-07-04 21:00:26'),
(305, 2, 14, '2023-07-04 21:01:07'),
(306, 2, 35, '2023-07-04 21:01:20'),
(307, 2, 36, '2023-07-04 21:01:41'),
(308, 2, 9, '2023-07-04 21:01:52'),
(309, 2, 63, '2023-07-04 21:01:59'),
(310, 2, 51, '2023-07-04 21:03:25'),
(311, 2, 51, '2023-07-04 21:04:36'),
(312, 2, 63, '2023-07-04 21:04:47'),
(313, 2, 63, '2023-07-04 21:04:57'),
(314, 2, 63, '2023-07-04 21:05:34'),
(315, 2, 9, '2023-07-04 21:05:49'),
(316, 2, 10, '2023-07-04 21:05:57'),
(317, 2, 63, '2023-07-04 21:06:21'),
(318, 2, 9, '2023-07-04 21:06:47'),
(319, 2, 63, '2023-07-04 21:07:04'),
(320, 2, 11, '2023-07-04 21:08:24'),
(321, 2, 11, '2023-07-04 21:08:42'),
(322, 2, 63, '2023-07-04 21:08:49'),
(323, 2, 63, '2023-07-04 21:08:59'),
(324, 2, 9, '2023-07-04 21:11:12'),
(325, 2, 10, '2023-07-04 21:11:17'),
(326, 2, 11, '2023-07-04 21:11:20'),
(327, 2, 51, '2023-07-04 21:11:24'),
(328, 2, 10, '2023-07-04 21:13:13'),
(329, 2, 51, '2023-07-04 21:18:59'),
(330, 2, 11, '2023-07-04 21:19:46'),
(331, 2, 10, '2023-07-04 21:19:50'),
(332, 2, 63, '2023-07-04 21:20:47'),
(333, 2, 11, '2023-07-04 21:20:53'),
(334, 2, 11, '2023-07-04 21:20:59'),
(335, 2, 63, '2023-07-04 21:21:13'),
(336, 2, 9, '2023-07-04 21:22:41'),
(337, 2, 8, '2023-07-04 21:22:59'),
(338, 2, 51, '2023-07-04 21:23:25'),
(339, 2, 34, '2023-07-04 21:23:35'),
(340, 2, 34, '2023-07-04 21:24:01'),
(341, 2, 34, '2023-07-04 21:24:17'),
(342, 2, 34, '2023-07-04 21:24:24'),
(343, 2, 34, '2023-07-04 21:24:47'),
(344, 2, 9, '2023-07-04 21:25:07'),
(345, 2, 50, '2023-07-04 21:25:22'),
(346, 2, 33, '2023-07-04 21:25:29'),
(347, 2, 34, '2023-07-04 21:25:36'),
(348, 2, 35, '2023-07-04 21:26:59'),
(349, 2, 35, '2023-07-04 21:27:07'),
(350, 2, 35, '2023-07-04 21:27:23'),
(351, 2, 34, '2023-07-04 21:27:30'),
(352, 2, 34, '2023-07-04 21:27:44'),
(353, 2, 9, '2023-07-05 06:34:01'),
(354, 2, 10, '2023-07-05 06:34:18'),
(355, 2, 35, '2023-07-05 06:37:04'),
(356, 2, 35, '2023-07-05 06:37:17'),
(357, 2, 34, '2023-07-05 06:37:25'),
(358, 2, 26, '2023-07-05 06:40:05'),
(359, 2, 35, '2023-07-05 12:51:27'),
(360, 2, 51, '2023-07-05 12:51:36'),
(361, 2, 51, '2023-07-05 12:52:09'),
(362, 2, 36, '2023-07-05 12:52:18'),
(363, 2, 51, '2023-07-05 12:52:33'),
(364, 2, 9, '2023-07-05 13:02:41'),
(365, 2, 51, '2023-07-05 13:02:49'),
(366, 2, 10, '2023-07-05 13:03:03'),
(367, 2, 36, '2023-07-05 13:03:19'),
(368, 2, 9, '2023-07-05 13:03:48'),
(369, 2, 33, '2023-07-05 13:04:15'),
(370, 2, 35, '2023-07-05 13:04:28'),
(371, 2, 51, '2023-07-05 13:04:36'),
(372, 2, 51, '2023-07-05 13:04:58'),
(373, 2, 9, '2023-07-05 13:05:01'),
(374, 2, 9, '2023-07-05 13:05:07'),
(375, 6, 13, '2023-07-05 13:10:20'),
(376, 6, 53, '2023-07-05 13:10:53'),
(377, 6, 46, '2023-07-05 13:11:31'),
(378, 6, 19, '2023-07-05 13:12:03'),
(379, 6, 33, '2023-07-05 13:12:27'),
(380, 6, 55, '2023-07-05 13:13:00'),
(381, 6, 6, '2023-07-05 13:13:31'),
(382, 6, 54, '2023-07-05 13:14:31'),
(383, 6, 20, '2023-07-05 13:15:08'),
(384, 6, 12, '2023-07-05 13:15:45'),
(385, 6, 38, '2023-07-05 13:16:17'),
(386, 6, 49, '2023-07-05 13:16:45'),
(387, 6, 55, '2023-07-05 13:17:13'),
(388, 6, 58, '2023-07-05 13:17:43'),
(389, 6, 28, '2023-07-05 13:18:10'),
(390, 6, 45, '2023-07-05 13:18:29'),
(391, 6, 51, '2023-07-05 13:18:52'),
(392, 6, 8, '2023-07-05 13:19:16'),
(393, 6, 32, '2023-07-05 13:19:48'),
(394, 6, 42, '2023-07-05 13:20:07'),
(395, 6, 29, '2023-07-05 13:20:35'),
(396, 6, 22, '2023-07-05 13:21:24'),
(397, 6, 4, '2023-07-05 13:22:03'),
(398, 6, 30, '2023-07-05 13:22:29'),
(399, 2, 51, '2023-07-05 13:23:51'),
(400, 2, 9, '2023-07-05 13:30:14'),
(401, 2, 8, '2023-07-05 13:32:36'),
(402, 2, 9, '2023-07-05 13:33:31'),
(403, 2, 7, '2023-07-05 13:55:45'),
(404, 2, 9, '2023-07-05 13:56:15'),
(405, 2, 8, '2023-07-05 13:56:21'),
(406, 2, 8, '2023-07-05 13:57:02'),
(407, 2, 39, '2023-07-05 13:58:28'),
(408, 2, 39, '2023-07-05 14:00:25'),
(409, 2, 40, '2023-07-05 14:00:59'),
(410, 2, 13, '2023-07-05 14:05:27'),
(411, 2, 31, '2023-07-05 14:05:43'),
(412, 2, 32, '2023-07-05 14:06:00'),
(413, 2, 33, '2023-07-05 14:06:08'),
(414, 2, 33, '2023-07-05 14:06:16'),
(415, 2, 16, '2023-07-05 14:06:23'),
(416, 2, 50, '2023-07-05 14:06:32'),
(417, 2, 35, '2023-07-05 14:06:57'),
(418, 7, 9, '2023-07-05 20:40:38'),
(419, 2, 9, '2023-07-05 21:56:27'),
(420, 1, 26, '2023-07-05 22:04:00'),
(421, 1, 37, '2023-07-05 22:04:57'),
(422, 5, 26, '2023-07-05 22:21:48'),
(423, 5, 8, '2023-07-05 22:22:02'),
(424, 5, 10, '2023-07-05 22:24:09'),
(425, 5, 63, '2023-07-05 22:25:57'),
(426, 6, 36, '2023-07-05 22:28:02'),
(427, 6, 9, '2023-07-05 22:28:30'),
(428, 6, 36, '2023-07-05 22:28:38'),
(429, 6, 63, '2023-07-05 22:28:56'),
(430, 1, 26, '2023-07-06 00:26:00'),
(431, 1, 36, '2023-07-06 00:26:05'),
(432, 1, 63, '2023-07-06 00:28:57'),
(433, 7, 26, '2023-07-06 01:10:22'),
(434, 7, 9, '2023-07-06 01:10:26'),
(435, 1, 36, '2023-07-06 01:36:33'),
(436, 1, 26, '2023-07-06 01:36:35'),
(437, 1, 9, '2023-07-06 01:36:43'),
(438, 1, 26, '2023-07-06 01:37:01'),
(439, 1, 35, '2023-07-06 01:37:05'),
(440, 1, 10, '2023-07-06 01:37:45'),
(441, 1, 3, '2023-07-06 01:38:00'),
(442, 1, 4, '2023-07-06 01:38:11'),
(443, 1, 45, '2023-07-06 01:39:51'),
(444, 1, 51, '2023-07-06 01:40:01'),
(445, 1, 9, '2023-07-06 03:22:31'),
(446, 1, 64, '2023-07-06 03:23:15'),
(447, 2, 1, '2023-07-06 03:50:10'),
(448, 3, 13, '2023-07-06 06:31:36'),
(449, 3, 53, '2023-07-06 06:32:10'),
(450, 3, 46, '2023-07-06 06:32:47'),
(451, 3, 19, '2023-07-06 06:33:18'),
(452, 3, 33, '2023-07-06 06:33:41'),
(453, 3, 55, '2023-07-06 06:34:21'),
(454, 3, 6, '2023-07-06 06:35:08'),
(455, 3, 54, '2023-07-06 06:36:23'),
(456, 3, 20, '2023-07-06 06:37:04'),
(457, 3, 12, '2023-07-06 06:37:40'),
(458, 3, 38, '2023-07-06 06:38:20'),
(459, 3, 49, '2023-07-06 06:38:54'),
(460, 3, 55, '2023-07-06 06:39:38'),
(461, 3, 28, '2023-07-06 06:39:59'),
(462, 3, 58, '2023-07-06 06:40:21'),
(463, 3, 45, '2023-07-06 06:40:52'),
(464, 3, 9, '2023-07-06 06:41:08'),
(465, 3, 8, '2023-07-06 06:41:43'),
(466, 3, 32, '2023-07-06 06:42:06'),
(467, 3, 42, '2023-07-06 06:42:25'),
(468, 3, 29, '2023-07-06 06:42:54'),
(469, 3, 22, '2023-07-06 06:43:27'),
(470, 3, 4, '2023-07-06 06:44:09'),
(471, 3, 30, '2023-07-06 06:44:40'),
(472, 4, 1, '2023-07-06 07:35:45'),
(473, 4, 53, '2023-07-06 07:35:51'),
(474, 4, 46, '2023-07-06 07:35:59'),
(475, 4, 18, '2023-07-06 07:36:11'),
(476, 4, 33, '2023-07-06 07:36:18'),
(477, 4, 55, '2023-07-06 07:36:26'),
(478, 4, 27, '2023-07-06 07:36:34'),
(479, 4, 61, '2023-07-06 07:36:46'),
(480, 4, 48, '2023-07-06 07:37:10'),
(481, 4, 49, '2023-07-06 07:37:14'),
(482, 4, 31, '2023-07-06 07:37:30'),
(483, 4, 37, '2023-07-06 07:37:36'),
(484, 4, 6, '2023-07-06 07:37:45'),
(485, 4, 7, '2023-07-06 07:37:50'),
(486, 4, 54, '2023-07-06 07:37:56'),
(487, 4, 52, '2023-07-06 07:38:02'),
(488, 4, 59, '2023-07-06 07:38:07'),
(489, 4, 40, '2023-07-06 07:38:12'),
(490, 4, 21, '2023-07-06 07:38:19'),
(491, 4, 51, '2023-07-06 07:38:25'),
(492, 4, 60, '2023-07-06 07:38:31'),
(493, 4, 36, '2023-07-06 07:38:36'),
(494, 4, 12, '2023-07-06 07:38:40'),
(495, 4, 14, '2023-07-06 07:38:44'),
(496, 7, 13, '2023-07-06 07:47:20'),
(497, 7, 51, '2023-07-06 07:47:25'),
(498, 7, 20, '2023-07-06 07:47:31'),
(499, 7, 15, '2023-07-06 07:47:36'),
(500, 7, 31, '2023-07-06 07:47:43'),
(501, 7, 37, '2023-07-06 07:47:49'),
(502, 7, 6, '2023-07-06 07:47:56'),
(503, 7, 7, '2023-07-06 07:48:01'),
(504, 7, 54, '2023-07-06 07:48:07'),
(505, 7, 52, '2023-07-06 07:48:12'),
(506, 7, 59, '2023-07-06 07:48:22'),
(507, 7, 35, '2023-07-06 07:48:29'),
(508, 7, 55, '2023-07-06 07:48:36'),
(509, 7, 58, '2023-07-06 07:48:41'),
(510, 7, 28, '2023-07-06 07:48:49'),
(511, 7, 45, '2023-07-06 07:48:57'),
(512, 7, 9, '2023-07-06 07:49:03'),
(513, 7, 8, '2023-07-06 07:49:09'),
(514, 7, 33, '2023-07-06 07:49:14'),
(515, 7, 50, '2023-07-06 07:49:21'),
(516, 7, 30, '2023-07-06 07:49:27'),
(517, 7, 47, '2023-07-06 07:49:32'),
(518, 7, 25, '2023-07-06 07:49:41'),
(519, 7, 36, '2023-07-06 07:49:46'),
(520, 7, 60, '2023-07-06 07:49:52'),
(521, 8, 44, '2023-07-06 09:20:50'),
(522, 8, 35, '2023-07-06 09:21:25'),
(523, 8, 32, '2023-07-06 09:21:47'),
(524, 8, 36, '2023-07-06 09:22:34'),
(525, 9, 16, '2023-07-06 11:30:45'),
(526, 9, 9, '2023-07-06 11:31:06'),
(527, 9, 21, '2023-07-06 11:31:29'),
(528, 9, 31, '2023-07-06 11:31:36'),
(529, 9, 36, '2023-07-06 11:31:44'),
(530, 9, 6, '2023-07-06 11:31:51'),
(531, 9, 53, '2023-07-06 11:32:18'),
(532, 9, 23, '2023-07-06 11:32:28'),
(533, 9, 40, '2023-07-06 11:32:35'),
(534, 10, 2, '2023-07-06 11:45:24'),
(535, 10, 54, '2023-07-06 11:45:30'),
(536, 10, 47, '2023-07-06 11:45:35'),
(537, 10, 25, '2023-07-06 11:45:40'),
(538, 10, 35, '2023-07-06 11:45:53'),
(539, 10, 36, '2023-07-06 11:46:00'),
(540, 10, 15, '2023-07-06 11:46:09'),
(541, 10, 45, '2023-07-06 11:46:16'),
(542, 10, 9, '2023-07-06 11:46:21'),
(543, 10, 8, '2023-07-06 11:46:28'),
(544, 10, 32, '2023-07-06 11:46:37'),
(545, 10, 34, '2023-07-06 11:46:43'),
(546, 10, 56, '2023-07-06 11:46:50'),
(547, 10, 57, '2023-07-06 11:46:57'),
(548, 10, 3, '2023-07-06 11:47:04'),
(549, 10, 62, '2023-07-06 11:47:11'),
(550, 10, 26, '2023-07-06 11:47:27'),
(551, 10, 23, '2023-07-06 11:47:34'),
(552, 10, 5, '2023-07-06 11:47:42'),
(553, 10, 38, '2023-07-06 11:47:56'),
(554, 10, 49, '2023-07-06 11:48:01'),
(555, 10, 55, '2023-07-06 11:48:10'),
(556, 10, 58, '2023-07-06 11:48:16'),
(557, 10, 33, '2023-07-06 11:48:33'),
(558, 11, 12, '2023-07-06 23:09:13'),
(559, 11, 50, '2023-07-06 23:09:25'),
(560, 11, 55, '2023-07-06 23:09:32'),
(561, 11, 58, '2023-07-06 23:09:39'),
(562, 11, 28, '2023-07-06 23:09:46'),
(563, 11, 33, '2023-07-06 23:09:50'),
(564, 11, 9, '2023-07-06 23:09:57'),
(565, 11, 9, '2023-07-06 23:10:06'),
(566, 11, 33, '2023-07-06 23:10:13'),
(567, 1, 11, '2023-07-06 23:27:22'),
(568, 1, 11, '2023-07-06 23:28:14'),
(569, 1, 45, '2023-07-06 23:30:39'),
(570, 1, 45, '2023-07-06 23:30:52'),
(571, 1, 54, '2023-07-06 23:31:58'),
(572, 1, 53, '2023-07-06 23:32:13'),
(573, 3, 53, '2023-07-06 23:34:30'),
(574, 3, 19, '2023-07-06 23:34:37'),
(575, 3, 55, '2023-07-06 23:34:45'),
(576, 3, 54, '2023-07-06 23:34:51'),
(577, 3, 20, '2023-07-06 23:35:00'),
(578, 3, 13, '2023-07-06 23:35:09'),
(579, 3, 46, '2023-07-06 23:35:14'),
(580, 3, 33, '2023-07-06 23:35:25'),
(581, 3, 6, '2023-07-06 23:35:31'),
(582, 1, 11, '2023-07-06 23:41:49'),
(583, 1, 14, '2023-07-06 23:49:01'),
(584, 1, 39, '2023-07-06 23:49:25'),
(585, 1, 7, '2023-07-07 00:25:32'),
(586, 10, 2, '2023-07-07 01:33:42'),
(587, 10, 47, '2023-07-07 01:33:46'),
(588, 10, 62, '2023-07-07 01:33:50'),
(589, 10, 35, '2023-07-07 01:33:55'),
(590, 10, 36, '2023-07-07 01:34:01'),
(591, 10, 34, '2023-07-07 01:34:07'),
(592, 10, 56, '2023-07-07 01:34:11'),
(593, 10, 57, '2023-07-07 01:34:15'),
(594, 10, 3, '2023-07-07 01:34:20'),
(595, 10, 26, '2023-07-07 01:34:24'),
(596, 7, 13, '2023-07-07 01:38:19'),
(597, 7, 51, '2023-07-07 01:38:24'),
(598, 7, 20, '2023-07-07 01:38:28'),
(599, 7, 15, '2023-07-07 01:38:33'),
(600, 7, 60, '2023-07-07 01:38:38'),
(601, 7, 37, '2023-07-07 01:38:43'),
(602, 7, 6, '2023-07-07 01:38:47'),
(603, 7, 7, '2023-07-07 01:38:53'),
(604, 7, 54, '2023-07-07 01:38:57'),
(605, 7, 52, '2023-07-07 01:39:01'),
(606, 4, 1, '2023-07-07 05:22:56'),
(607, 4, 53, '2023-07-07 05:23:04'),
(608, 4, 46, '2023-07-07 05:23:13'),
(609, 4, 18, '2023-07-07 05:23:21'),
(610, 4, 33, '2023-07-07 05:23:30'),
(611, 4, 55, '2023-07-07 05:23:38'),
(612, 4, 27, '2023-07-07 05:23:46'),
(613, 4, 61, '2023-07-07 05:23:54'),
(614, 4, 11, '2023-07-07 05:24:07'),
(615, 4, 48, '2023-07-07 05:24:15'),
(616, 4, 63, '2023-07-07 05:27:31'),
(617, 4, 64, '2023-07-07 05:27:43'),
(618, 12, 63, '2023-07-07 08:09:08'),
(619, 12, 32, '2023-07-07 08:09:21'),
(620, 12, 59, '2023-07-07 08:09:27'),
(621, 12, 34, '2023-07-07 08:11:37'),
(622, 12, 35, '2023-07-07 08:11:48'),
(623, 12, 63, '2023-07-07 08:13:46'),
(624, 12, 45, '2023-07-07 08:16:30'),
(625, 12, 16, '2023-07-07 08:16:45'),
(626, 12, 36, '2023-07-07 08:17:21'),
(627, 1, 49, '2023-07-07 08:32:39'),
(628, 1, 64, '2023-07-07 08:32:50'),
(629, 5, 12, '2023-07-07 11:35:25'),
(630, 5, 13, '2023-07-07 11:36:10'),
(631, 5, 44, '2023-07-07 11:36:38'),
(632, 5, 63, '2023-07-07 11:36:59'),
(633, 5, 63, '2023-07-07 11:37:57'),
(634, 6, 63, '2023-07-07 13:08:35'),
(635, 6, 63, '2023-07-07 13:08:49'),
(636, 6, 21, '2023-07-07 13:08:59'),
(637, 6, 63, '2023-07-07 13:09:28'),
(638, 6, 49, '2023-07-07 13:09:47'),
(639, 6, 49, '2023-07-07 13:10:40'),
(640, 5, 63, '2023-07-07 22:07:19'),
(641, 5, 46, '2023-07-07 22:07:41'),
(642, 5, 47, '2023-07-07 22:07:55'),
(643, 5, 64, '2023-07-07 22:08:16'),
(644, 5, 63, '2023-07-07 22:10:58'),
(645, 5, 46, '2023-07-07 22:11:29'),
(646, 5, 59, '2023-07-07 22:11:59'),
(647, 5, 36, '2023-07-07 22:13:09'),
(648, 5, 64, '2023-07-07 22:13:22'),
(649, 5, 63, '2023-07-07 22:18:53'),
(650, 5, 1, '2023-07-07 22:19:38'),
(651, 5, 64, '2023-07-07 22:23:33'),
(652, 5, 30, '2023-07-07 22:26:59'),
(653, 5, 27, '2023-07-07 22:27:16'),
(654, 5, 24, '2023-07-07 22:27:52'),
(655, 5, 46, '2023-07-07 22:31:53'),
(656, 5, 58, '2023-07-07 22:32:20'),
(657, 5, 10, '2023-07-07 22:32:46'),
(658, 5, 64, '2023-07-07 22:33:15'),
(659, 5, 59, '2023-07-07 22:33:44'),
(660, 5, 63, '2023-07-08 10:40:46'),
(661, 5, 63, '2023-07-08 10:42:12'),
(662, 5, 3, '2023-07-08 10:42:34'),
(663, 5, 39, '2023-07-08 10:51:34'),
(664, 5, 63, '2023-07-08 11:52:55'),
(665, 5, 63, '2023-07-08 13:21:04'),
(666, 5, 63, '2023-07-08 13:38:14'),
(667, 5, 63, '2023-07-09 01:57:36'),
(668, 5, 63, '2023-07-09 08:01:59'),
(669, 5, 63, '2023-07-09 09:41:41'),
(670, 5, 36, '2023-07-09 09:58:11'),
(671, 5, 37, '2023-07-09 09:58:21'),
(672, 5, 3, '2023-07-09 09:58:43'),
(673, 5, 53, '2023-07-09 09:58:53'),
(674, 5, 55, '2023-07-09 09:59:13'),
(675, 5, 61, '2023-07-09 09:59:34'),
(676, 5, 63, '2023-07-11 07:38:27'),
(677, 5, 46, '2023-07-11 07:38:53'),
(678, 5, 47, '2023-07-11 07:39:07'),
(679, 5, 48, '2023-07-11 07:39:23'),
(680, 5, 64, '2023-07-11 07:39:35'),
(681, 5, 55, '2023-07-11 07:39:54'),
(682, 5, 51, '2023-07-11 07:40:26'),
(683, 5, 59, '2023-07-11 07:40:49'),
(684, 5, 47, '2023-07-14 11:19:54'),
(685, 5, 6, '2023-07-14 11:20:34'),
(686, 5, 9, '2023-07-14 11:21:31'),
(687, 5, 63, '2023-07-14 11:23:05'),
(688, 5, 47, '2023-07-17 20:39:14'),
(689, 5, 46, '2023-07-17 20:39:23'),
(690, 5, 20, '2023-07-17 20:39:59'),
(691, 5, 18, '2023-07-17 20:40:03'),
(692, 5, 19, '2023-07-17 20:40:08'),
(693, 5, 13, '2023-07-17 20:42:08'),
(694, 5, 13, '2023-07-17 20:42:19'),
(695, 5, 63, '2023-07-18 01:25:59'),
(696, 5, 41, '2023-07-18 01:26:14'),
(697, 5, 56, '2023-07-18 01:26:49'),
(698, 5, 41, '2023-07-18 01:27:02'),
(699, 8, 46, '2023-07-18 01:52:10'),
(700, 10, 46, '2023-07-20 06:32:49'),
(701, 10, 24, '2023-07-20 06:33:45'),
(702, 10, 29, '2023-07-20 06:34:13'),
(703, 10, 32, '2023-07-20 06:34:35'),
(704, 10, 27, '2023-07-20 06:35:02'),
(705, 10, 47, '2023-07-20 06:35:29'),
(706, 10, 41, '2023-07-20 06:35:58'),
(707, 10, 40, '2023-07-20 06:36:14'),
(708, 10, 44, '2023-07-20 06:36:28'),
(709, 10, 19, '2023-07-20 06:36:40'),
(710, 11, 41, '2023-07-20 11:16:38'),
(711, 11, 51, '2023-07-20 11:16:48'),
(712, 11, 20, '2023-07-20 11:17:00'),
(713, 11, 17, '2023-07-20 11:17:08'),
(714, 11, 43, '2023-07-20 11:17:28'),
(715, 11, 35, '2023-07-20 11:17:44'),
(716, 11, 41, '2023-07-20 11:18:04'),
(717, 11, 50, '2023-07-20 11:18:21'),
(718, 12, 29, '2023-07-21 04:14:44'),
(719, 12, 58, '2023-07-21 04:17:52'),
(720, 12, 12, '2023-07-21 04:18:29'),
(721, 12, 26, '2023-07-21 04:19:01'),
(722, 12, 10, '2023-07-21 04:19:13'),
(723, 12, 24, '2023-07-21 04:20:51'),
(724, 12, 9, '2023-07-21 04:21:22'),
(725, 12, 54, '2023-07-21 04:21:41'),
(726, 12, 30, '2023-07-21 04:21:59'),
(727, 12, 21, '2023-07-21 04:22:19'),
(728, 13, 25, '2023-07-21 12:00:19'),
(729, 13, 35, '2023-07-21 12:00:26'),
(730, 13, 36, '2023-07-21 12:00:51'),
(731, 13, 1, '2023-07-21 12:01:01'),
(732, 13, 18, '2023-07-21 12:01:06'),
(733, 13, 9, '2023-07-21 12:01:21'),
(734, 13, 19, '2023-07-21 12:01:27'),
(735, 13, 59, '2023-07-21 12:01:34'),
(736, 13, 14, '2023-07-21 12:01:41'),
(737, 13, 47, '2023-07-21 12:19:58'),
(738, 2, 63, '2023-07-22 13:39:08'),
(739, 2, 53, '2023-07-22 13:39:20'),
(740, 2, 30, '2023-07-22 13:39:41'),
(741, 2, 31, '2023-07-22 13:39:46'),
(742, 2, 21, '2023-07-24 02:15:23'),
(743, 2, 54, '2023-07-24 02:19:16'),
(744, 2, 35, '2023-07-24 02:19:44'),
(745, 2, 63, '2023-07-26 11:08:47'),
(746, 2, 46, '2023-07-26 11:09:15'),
(747, 2, 48, '2023-07-26 11:09:40'),
(748, 2, 47, '2023-07-26 11:10:02');

-- --------------------------------------------------------

--
-- Table structure for table `labels`
--

CREATE TABLE `labels` (
  `idlabel` int(11) NOT NULL,
  `nama` varchar(100) NOT NULL
) ENGINE=InnoDB DEFAULT CHARSET=utf8mb4;

--
-- Dumping data for table `labels`
--

INSERT INTO `labels` (`idlabel`, `nama`) VALUES
(1, 'greets'),
(2, 'layanan'),
(3, 'jadwal'),
(4, 'scaling'),
(5, 'cabut gigi'),
(6, 'tambal'),
(7, 'biaya'),
(8, 'darah'),
(9, 'kimia'),
(10, 'hiv'),
(11, 'urine'),
(12, 'kia'),
(13, 'kb'),
(14, 'covid'),
(15, 'jks'),
(16, 'bpjs'),
(17, 'psikologi'),
(18, 'surat'),
(19, 'posyandu'),
(20, 'antrian'),
(21, 'rujukan'),
(22, 'tradisional'),
(23, 'diabet'),
(24, 'lansia'),
(25, 'gizi'),
(26, 'rawat inap'),
(27, 'pustu'),
(28, 'behel'),
(29, 'catin'),
(30, 'alamat'),
(31, 'jks bpjs'),
(32, 'pengobatan jks');

-- --------------------------------------------------------

--
-- Table structure for table `responses`
--

CREATE TABLE `responses` (
  `id_res` int(11) NOT NULL,
  `id_label` int(11) NOT NULL,
  `id_tag` int(11) NOT NULL,
  `resp` text NOT NULL
) ENGINE=InnoDB DEFAULT CHARSET=utf8mb4;

--
-- Dumping data for table `responses`
--

INSERT INTO `responses` (`id_res`, `id_label`, `id_tag`, `resp`) VALUES
(1, 1, 63, 'Halo, informasi apa yang Anda butuhkan?'),
(2, 30, 1, 'Puskesmas Keputih beralamat di Jl. Keputih Tegal No.19 Surabaya \r\n'),
(3, 30, 2, 'Selama renovasi gedung, pelayanan operasional dan kesehatan Puskesmas Keputih pindah sementara di Rusunawa Keputih dengan alamat Jl. Keputih Tegal Bakti no 94-96 Blok A Surabaya'),
(4, 2, 3, 'Di Puskesmas Keputih terdapat layanan:<br>Poli umum<br>Poli Gigi<br>Poli KIA-KB<br>Poli gizi<br>Layanan Kesehatan tradisional<br>Layanan Kesehatan lansia<br>Layanan Kesehatan Diabet<br>Layanan Konsultasi Psikologi<br>Laboratorium<br>Layanan Catin(Calon pengantin)<br>Rawat inap persalinan(Selama di Rusunawa, Puskesmas keputih tidak melayani rawat inap)'),
(5, 2, 4, 'Poli umum di Puskesmas Keputih melayani<br>Pemeriksaan umum<br>Rujukan<br>Surat sehat<br>rawat luka dan tindakan bedah sederhana<br>Pemeriksaan jama\'ah haji<br>Pemeriksaan kematian<br>Pemeriksaan swab covid-19\r\n'),
(6, 2, 5, 'Di Puskesmas Keputih terdapat pelayanan kesehatan gigi, gusi, dan mulut yang melayani penambalan gigi, pembersihan karang gigi, pencabutan gigi sulung, dan pencabutan gigi permanen'),
(7, 2, 6, 'Mohon maaf tidak ada poli THT di Puskesmas Keputih'),
(8, 2, 7, 'Puskesmas Keputih tidak bisa melayani pemeriksaan mata, hanya akan diberi rujukan untuk periksa di klinik mata/rumahsakit mata menggunakan BPJS dengan catatan faskes tingkat 1 di Puskesmas Keputih'),
(9, 2, 8, 'Di Puskesmas Keputih tidak ada praktik SpKK/dokter kulit, hanya dokter umum saja'),
(10, 3, 9, 'Jam pelayanan pagi Puskesmas Keputih setiap:<br>Hari Senin-Kamis jam 07.30-14.30 WIB<br>Hari Jum\'at jam 07.30-11.30 WIB<br>Hari Sabtu 07.30-13.00 WIB<br><br>dan pelayanan sore setiap hari Senin-Jumat jam 14.30-17.30 WIB\r\n<br>Kecuali hari libur nasional'),
(11, 3, 10, 'Jam pelayanan pagi Puskesmas Keputih setiap:<br>Hari Senin-Kamis jam 07.30-14.30 WIB<br>Hari Jum\'at jam 07.30-11.30 WIB<br>Hari Sabtu 07.30-13.00 WIB'),
(12, 3, 11, 'Pelayanan sore Puskesmas Keputih setiap hari Senin-Jumat jam 14.30-17.30 WIB'),
(13, 4, 12, 'Poli gigi Puskesmas Keputih bisa melayani pembersihan karang gigi atau scaling'),
(14, 4, 13, 'Scaling di Puskesmas Keputih dikenakan tarif Rp 11.000 per Regio, untuk total 4 regio sekitar Rp 44.000<br><i>Tarif yang tercantum berdasarkan Peraturan Daerah Nomor 5 Tahun 2010. Tarif dapat berubah berdasarkan Perda yang berlaku saat ini</i>'),
(15, 4, 14, 'Scaling bisa menggunakan BPJS dengan catatan BPJS tersebut dengan status faskes tingkat 1 di Puskesmas Keputih'),
(16, 5, 15, 'Poli gigi Puskesmas Keputih bisa melayani pencabutan gigi untuk gigi sulung'),
(17, 5, 16, 'Poli gigi Puskesmas Keputih hanya melayani pencabutan gigi sulung dengan tarif sebagai berikut\r\n<br>Pencabutan Gigi Sulung dengan Chlorethyl Rp 7.500\r\n<br>Pencabutan Gigi Sulung dengan injeksi Lokal anestesi Rp 15.000 \r\n<br>Pencabutan Gigi Permanen Rp 22.000\r\n<i>Tarif yang tercantum berdasarkan Peraturan Daerah Nomor 5 Tahun 2010. Tarif dapat berubah berdasarkan Perda yang berlaku saat ini</i>'),
(18, 5, 17, 'Pelayanan cabut gigi bisa menggunakan BPJS dengan catatan BPJS tersebut dengan status faskes tingkat 1 di Puskesmas Keputih'),
(19, 6, 18, 'Poli gigi Puskesmas Keputih bisa melayani penambalan gigi'),
(20, 6, 19, 'Total biaya untuk penambalan gigi berbeda-beda tergantung kondisi gigi pasien dan beberapa tahapan seperti perawatan saluran akar, sterilisasi pulpa, dll sebelum tambal permanen, setiap tahapan dikenakan biaya sekitar Rp 15.000-Rp 20.000 dan harga bahan tambal sekitar Rp 15.000-Rp 20.000<br><i>Tarif yang tercantum berdasarkan Peraturan Daerah Nomor 5 Tahun 2010. Tarif dapat berubah berdasarkan Perda yang berlaku saat ini</i>'),
(21, 6, 20, 'Tambal gigi di Puskesmas Keputih bisa menggunakan BPJS dengan catatan BPJS tersebut dengan status faskes tingkat 1 di Puskesmas Keputih '),
(22, 7, 21, 'Puskesmas Keputih hanya menerima pembayaran dalam bentuk tunai/cash'),
(23, 7, 22, 'Tarif pelayanan di Puskesmas Keputih berbeda tiap jenis penanganan, untuk pelayanan konsultasi, pemeriksaan, atau pengobatan dasar mulai dengan tarif Rp 2.500 per pasien<br><i>Tarif yang tercantum berdasarkan Peraturan Daerah Nomor 5 Tahun 2010. Tarif dapat berubah berdasarkan Perda yang berlaku saat ini</i>'),
(24, 8, 23, 'Pelayanan laboratorium di Puskesmas Keputih melayani<br>Pemeriksaan darah rutin(Eritrosit, Leukosit, Trombosit, Hemoglobin, Hematokrit)<br>Pemeriksaan urine (Protein urine, reduksi urine, urobilin, tes kehamilan)<br>Pemeriksaan kimia klinik (Kolesterol, asam urat, glukosa, trigliserida, SGOT/PT)<br>Pemeriksaan mikrobiologi (BTA)<br>Pemeriksaan Imunoserologi (Widal, HIV, Golongan darah, Sifilis)'),
(25, 8, 24, 'Laboratorium Puskesmas Keputih melayani pemeriksaan darah rutin seperti pemeriksaan Hemoglobin, Leukosit, Trombosit, Eritrosit, dan Hematokrit.'),
(26, 8, 26, 'Laboratorium Puskesmas Keputih melayani pemeriksaan darah rutin(Manual) seperti:<br> pemeriksaan hemoglobin dengan tarif Rp 4.000/pasien<br>Leukosit Rp 6.500/pasien<br>Trombosit Rp 7.500<br>Pemeriksaan gula darah Rp 7.000/pasien<br><i>Tarif yang tercantum berdasarkan Peraturan Daerah Nomor 5 Tahun 2010. Tarif dapat berubah berdasarkan Perda yang berlaku saat ini</i>'),
(27, 8, 25, 'Laboratorium Puskesmas Keputih bisa melayani pemeriksaan golongan darah'),
(28, 9, 27, 'Laboratorium Puskesmas Keputih melayani  pemeriksaan kimia klinik seperti Kolesterol, asam urat, glukosa(gula darah), trigliserida, dan SGOT/PT'),
(29, 9, 28, 'Laboratorium Puskesmas Keputih melayani pemeriksaan kimia klinik dengan tarif:<br> pemeriksaan gula darah Rp 10.000/pasien<br>Pemeriksaan asam urat Rp 11.000/pasien<br>Pemeriksaan Lemak ( Cholesterol Total ) Rp 15.000<br><i>Tarif yang tercantum berdasarkan Peraturan Daerah Nomor 5 Tahun 2010. Tarif dapat berubah berdasarkan Perda yang berlaku saat ini</i>'),
(30, 10, 29, 'Laboratorium Puskesmas Keputih melayani pemeriksaan Imunoserologi (Widal, HIV, Golongan darah, Sifilis)'),
(31, 11, 30, 'Laboratorium Puskesmas Keputih melayani pemeriksaan urine (Protein urine, reduksi urine, urobilin, albumin, pH, tes kehamilan)'),
(32, 11, 31, 'Laboratorium Puskesmas Keputih melayani pemeriksaan urine dengan tarif:<br> pemeriksaan urine lengkap Rp 12.500/pasien<br>Albumin Rp 7.500/pasien<br>pH urine Rp 3.000<br>Pemeriksaan reduksi urine(strips) Rp 5.000/pasien<br>reduksi urine benedict Rp 10.000<br>Sedimen urine Rp 4.000<br>Tes Kehamilan ( Plano test / Tes Kehamilan Urine ) dengan tarif Rp 15.000<br><i>Tarif yang tercantum berdasarkan Peraturan Daerah Nomor 5 Tahun 2010. Tarif dapat berubah berdasarkan Perda yang berlaku saat ini</i>'),
(33, 12, 32, 'Puskesmas Keputih melayani pemeriksaan kehamilan, USG kehamilan, pemeriksaan laborat kehamilan, Imunisasi rutin(Hepatitis B, BCG, Polio, Pentabio dan MR), persalinan, dan Deteksi dini tumbuh kembang anak.'),
(34, 12, 33, 'Poli KIA/KB Puskesmas Keputih melayani konsultasi dokter dengan tarif Rp 5.000/pasien<br>USG Kehamilan Rp 35.000/pasien<br>Pertolongan persalinan normal dengan tarif Rp 250.000 hingga Rp 400.000 untuk persalinan Patologis<br><i>Tarif yang tercantum berdasarkan Peraturan Daerah Nomor 5 Tahun 2010. Tarif dapat berubah berdasarkan Perda yang berlaku saat ini</i>'),
(35, 13, 34, 'Puskesmas Keputih melayani KB berupa KB Suntik, KB implant, KB IUD, KB Pil, serta melayani konsultasi keluarga berencana, kesehatan reproduksi, dan kontrasepsi'),
(36, 13, 35, 'Poli KIA/KB Puskesmas Keputih melayani KB suntik 3 bulan dengan tarif Rp 7.500/pasien<br>Pasang KB Implant Rp 280.000/pasien<br>Cabut atau lepas KB implant Rp 20.000<br>Pasang KB IUD Rp 25.000/pasien<br>Cabut atau lepas KB IUD Rp 5.000/pasien<br><i>Tarif yang tercantum berdasarkan Peraturan Daerah Nomor 5 Tahun 2010. Tarif dapat berubah berdasarkan Perda yang berlaku saat ini</i>'),
(37, 14, 36, 'Puskesmas Keputih masih melayani vaksinasi Covid 19, setiap hari dengan jumlah kelipatan orang. Bisa langsung datang ke Puskesmas Keputih'),
(38, 14, 37, 'Puskesmas Keputih melayani tes Covid 19 hanya untuk pasien yang akan periksa di puskesmas, tidak untuk kepentingan umum'),
(39, 14, 38, 'Mohon maaf Puskesmas Keputih tidak melayani vaksinasi Covid 19 untuk anak'),
(40, 31, 39, 'Pada prinsipnya, warga diberikan kebebasan apakah menggunakan BPJS Mandiri atau program JKS yang ditanggung Pemkot Surabaya. Bila ingin mengikuti program JKS, warga dapat mengajukan migrasi dari BPJS Mandiri ke program JKS.'),
(41, 31, 40, 'Pendaftaran atau migrasi JKS bisa dilakukan secara langsung di Puskesmas /fasilitas kesehatan (jika dalam kondisi sakit) atau melalui kelurahan dan kantor BPJS (jika dalam keadaan sehat) dengan menandatangani surat pernyataan bersedia mendapatkan pelayanan kesehatan kelas 3'),
(42, 32, 41, 'Skema layanan kesehatan yang ideal menurut Peraturan Menteri Kesehatan Nomor 001 Tahun 2012 adalah dengan cara berjenjang. Warga pengguna program JKS dapat berobat ke Puskesmas untuk selanjutnya, bila dibutuhkan akan dirujuk ke rumah sakit. Pelayanan kesehatan di Puskesmas sudah sangat nyaman dengan standar pelayanan rata-ratq 15 menit per orang dengan menggunakan antrean online e-health. Atau warga dapat langsung berobat ke rumah sakit jika dalam kondisi gawat darurat.'),
(43, 15, 42, 'JKS (Jaminan Kesehatan Semesta)/Universal health coverage adalah sistem jaminan kesehatan yang memastikan semua penduduk paling sedikit 95% dari seluruh penduduk telah terdaftar sebagai peserta program JKN (Jaminan Kesehatan Nasional)'),
(44, 32, 43, 'Apabila wargra sudah terdaftar sebagai peserta BPJS Kesehatan JKS yang ditanggung Pemkot Surabaya, mekanismenya tetap sama yakni menunjukkan KTP pada faskes atau rumah sakit yang bekerja sama dengan BPJS, berlaku baik dalam maupun luar kota Surabaya.'),
(45, 15, 44, 'Program JKS ini dapat dimanfaatkan oleh seluruh warga ber-KTP Surabaya, tidak memandang status apakah yang bersangkutan mampu atau tidak mampu'),
(46, 16, 45, 'Pemeriksaan atau pengobatan di Puskesmas Keputih bisa menggunakan BPJS dengan catatan BPJS tersebut dengan status faskes tingkat 1 di Puskesmas Keputih'),
(47, 17, 46, 'Puskesmas Keputih melayani konsultasi psikologi untuk mental health atau kesehatan mental, konsultasi pra nikah, konsultasi ibu hamil dan pola asuh anak, konseling tumbuh kembang, dan konseling remaja.'),
(48, 17, 47, 'Konsultasi psikologi di Puskesmas Keputih dikenakan tarif Rp 2.500 per pasien<br><i>Tarif yang tercantum berdasarkan Peraturan Daerah Nomor 5 Tahun 2010. Tarif dapat berubah berdasarkan Perda yang berlaku saat ini</i>'),
(49, 17, 48, 'Konsultasi psikologi di Puskesmas Keputih bisa menggunakan BPJS dengan catatan BPJS tersebut dengan status faskes tingkat 1 di Puskesmas Keputih'),
(50, 18, 49, 'Poli umum Puskesmas Keputih melayani pembuatan surat keterangan sehat dan surat keterangan kelahiran'),
(51, 18, 50, 'Layanan pembuatan surat keterangan sehat dikenakan tarif sebesar Rp 5.000 per pasien<br><i>Tarif yang tercantum berdasarkan Peraturan Daerah Nomor 5 Tahun 2010. Tarif dapat berubah berdasarkan Perda yang berlaku saat ini</i>'),
(52, 19, 51, 'Mohon maaf jadwal posyandu hanya diketahui oleh bidan kelurahan karena jadwal setiap bulannya berbeda'),
(53, 19, 52, 'Jadwal pemberian vitamin A adalah setiap bulan Februari dan Agustus. Kunjungi instagram @pkmkeputih.sby untuk informasi selanjutnya'),
(54, 20, 53, 'Antrian dapat dipesan melalui website e-Health atau langsung ke puskesmas dengan membawa kartu berobat<br>(Membawa KTP untuk kunjungan pertama. Pengguna layanan BPJS membawa kartu BPJS, PBI, atau ASKES/JAMSOSTEK. Pengguna layanan GAKIN membawa kartu JAMKESDA/SKM)'),
(55, 21, 54, 'Prosedur rujukan dengan cara melakukan pendaftaran di puskesmas dengan syarat KTP Keputih/BPJS faskes tingkat 1 Puskesmas Keputih'),
(56, 22, 55, 'Puskesmas Keputih memiliki layanan kesehatan tradisional seperti akupuntur, akupresure wajah, pijat bayi, dan medik herbal.'),
(57, 23, 56, 'Puskesmas Keputih melayani pemeriksaan, pengobatan, dan konseling penyakit diabetes mellitus di pelayanan kesehatan diabet'),
(58, 24, 57, 'Poli lansia Puskesmas Keputih melayani pemeriksaan, pengobatan, dan konseling kesehatan pasien lanjut usia'),
(59, 25, 58, 'Poli gizi Puskesmas Keputih melayani konsultasi untuk calon pengantin, ibu hamil/menyusui, bayi, balita, dan lansia dengan tarif Rp 2.500 per pasien. Serta melayani pemberian vitamin A, penyuluhan komunitas/posyandu.<br><i>Tarif yang tercantum berdasarkan Peraturan Daerah Nomor 5 Tahun 2010.Tarif dapat berubah berdasarkan Perda yang berlaku saat ini</i>'),
(60, 26, 59, 'Puskesmas Keputih melayani rawat inap dengan pelayanan 24 jam bagi pasien umum, BPJS, maupun ASKES untuk persalinan normal, perawatan bayi baru lahir normal, perawatan nifas, dan kegawatdaruratan meternal dasar.<br><br><i>*Selama di Rusunawa, Puskesmas keputih tidak melayani rawat inap</i>'),
(61, 27, 60, 'Puskesmas pembantu Medokan Semampir melayani<br>KIA(Kesehatan Ibu dan Anak)<br>KB(Keluarga Berencana)<br>Imunisasi<br>Pengobatan ringan<br>Konsultasi kesehatan<br>Rencana persalinan'),
(62, 28, 61, 'Mohon maaf Puskesmas Keputih tidak melayani pemasangan behel/kawat gigi'),
(63, 29, 62, 'Puskesmas Keputih melayani pemeriksaan untuk calon pengantin seperti pemeriksaan fisik(BB, TB, Lila), tekanan darah, laboratorium(HBsAg, HIV, Syphilis+HB, Golongan darah, DL, Thalasemia)'),
(64, 1, 64, 'Terima kasih sudah menggunakan MedHelp Puskesmas Keputih. Apakah ada pertanyaan lain?');

-- --------------------------------------------------------

--
-- Table structure for table `tags`
--

CREATE TABLE `tags` (
  `idtag` int(11) NOT NULL,
  `idlabel` int(11) NOT NULL,
  `namatag` text NOT NULL
) ENGINE=InnoDB DEFAULT CHARSET=utf8mb4;

--
-- Dumping data for table `tags`
--

INSERT INTO `tags` (`idtag`, `idlabel`, `namatag`) VALUES
(1, 30, 'alamat'),
(2, 30, 'alamat sementara'),
(3, 2, 'poli'),
(4, 2, 'poli umum'),
(5, 2, 'poli gigi'),
(6, 2, 'poli tht'),
(7, 2, 'mata'),
(8, 2, 'spkk'),
(9, 3, 'jadwal buka'),
(10, 3, 'jadwal pagi'),
(11, 3, 'jadwal sore'),
(12, 4, 'scalling'),
(13, 4, 'tarif scalling'),
(14, 4, 'scalling bpjs'),
(15, 5, 'cabut gigi'),
(16, 5, 'tarif cabut gigi'),
(17, 5, 'cabut gigi bpjs'),
(18, 6, 'tambal gigi'),
(19, 6, 'tarif tambal gigi'),
(20, 6, 'tambal gigi bpjs'),
(21, 7, 'pembayaran'),
(22, 7, 'tarif'),
(23, 8, 'laboratorium'),
(24, 8, 'cek darah'),
(25, 8, 'cek goldar'),
(26, 8, 'tarif cek darah'),
(27, 9, 'cek kimia klinik'),
(28, 9, 'tarif cek kimia klinik'),
(29, 10, 'cek hiv'),
(30, 11, 'cek urine'),
(31, 11, 'tarif cek urine'),
(32, 12, 'kia'),
(33, 12, 'tarif kia'),
(34, 13, 'kb'),
(35, 13, 'tarif kb'),
(36, 14, 'vaksin covid19'),
(37, 14, 'swab'),
(38, 14, 'vaksin covid19 anak'),
(39, 31, 'jks bpjs'),
(40, 31, 'migrasi jks'),
(41, 32, 'skema jks'),
(42, 15, 'jks'),
(43, 32, 'berlaku jks'),
(44, 15, 'sasaran jks'),
(45, 16, 'bpjs'),
(46, 17, 'konseling'),
(47, 17, 'tarif konseling'),
(48, 17, 'konseling bpjs'),
(49, 18, 'surat sehat'),
(50, 18, 'tarif surat'),
(51, 19, 'posyandu'),
(52, 19, 'vitamin a'),
(53, 20, 'antrian'),
(54, 21, 'rujukan'),
(55, 22, 'tradisional'),
(56, 23, 'diabet'),
(57, 24, 'lansia'),
(58, 25, 'gizi'),
(59, 26, 'rawat inap'),
(60, 27, 'pustu medokan'),
(61, 28, 'behel'),
(62, 29, 'catin'),
(63, 1, 'greeting'),
(64, 1, 'closing'),
(65, 1, 'ya'),
(66, 1, 'tidak');

-- --------------------------------------------------------

--
-- Table structure for table `users`
--

CREATE TABLE `users` (
  `id_user` int(11) NOT NULL,
  `nama` varchar(100) NOT NULL
) ENGINE=InnoDB DEFAULT CHARSET=utf8mb4;

--
-- Dumping data for table `users`
--

INSERT INTO `users` (`id_user`, `nama`) VALUES
(1, 'Dian ANZ'),
(2, 'Dian Arofati Nur Zamzamy'),
(3, 'Dian'),
(4, 'Dian'),
(5, 'Dian Arofati Nur Zamzamy'),
(6, 'arofati'),
(7, 'Dian'),
(8, 'Werkudoro'),
(9, 'vica'),
(10, 'vica'),
(11, 'Fashalia Putri Nur Afifah'),
(12, 'Natasya Abygail Nelwan'),
(13, 'Nisa Sindiani');

--
-- Indexes for dumped tables
--

--
-- Indexes for table `chat`
--
ALTER TABLE `chat`
  ADD PRIMARY KEY (`id`);

--
-- Indexes for table `labels`
--
ALTER TABLE `labels`
  ADD PRIMARY KEY (`idlabel`);

--
-- Indexes for table `responses`
--
ALTER TABLE `responses`
  ADD PRIMARY KEY (`id_res`);

--
-- Indexes for table `tags`
--
ALTER TABLE `tags`
  ADD PRIMARY KEY (`idtag`);

--
-- Indexes for table `users`
--
ALTER TABLE `users`
  ADD PRIMARY KEY (`id_user`);

--
-- AUTO_INCREMENT for dumped tables
--

--
-- AUTO_INCREMENT for table `chat`
--
ALTER TABLE `chat`
  MODIFY `id` int(11) NOT NULL AUTO_INCREMENT, AUTO_INCREMENT=749;

--
-- AUTO_INCREMENT for table `labels`
--
ALTER TABLE `labels`
  MODIFY `idlabel` int(11) NOT NULL AUTO_INCREMENT, AUTO_INCREMENT=33;

--
-- AUTO_INCREMENT for table `responses`
--
ALTER TABLE `responses`
  MODIFY `id_res` int(11) NOT NULL AUTO_INCREMENT, AUTO_INCREMENT=65;

--
-- AUTO_INCREMENT for table `tags`
--
ALTER TABLE `tags`
  MODIFY `idtag` int(11) NOT NULL AUTO_INCREMENT, AUTO_INCREMENT=67;

--
-- AUTO_INCREMENT for table `users`
--
ALTER TABLE `users`
  MODIFY `id_user` int(11) NOT NULL AUTO_INCREMENT, AUTO_INCREMENT=14;
COMMIT;

/*!40101 SET CHARACTER_SET_CLIENT=@OLD_CHARACTER_SET_CLIENT */;
/*!40101 SET CHARACTER_SET_RESULTS=@OLD_CHARACTER_SET_RESULTS */;
/*!40101 SET COLLATION_CONNECTION=@OLD_COLLATION_CONNECTION */;
